UNDERGRADUATE,N-CST,EBI-401,E-Commerce,TE,a.besimi
UNDERGRADUATE,N-CST,CBI-503,Applied Algorithms and Data Structures,SK,m.fetaji
UNDERGRADUATE,N-CST,CBI-503,Applied Algorithms and Data Structures,TE,b.selimi
UNDERGRADUATE,LC-EN,EN.AC,Academic English,SK,k.ramadani
UNDERGRADUATE,LC-EN,EN.AC,Academic English,TE,m.marjanovic
UNDERGRADUATE,LC-EN,EN.AC,Academic English,TE,n.radosavleviq
UNDERGRADUATE,N-TT,ETTE04,Academic Writing in English,SK,b.xhaferi
UNDERGRADUATE,N-TT,ETTE04,Academic Writing in English,TE,b.xhaferi
UNDERGRADUATE,N-PA,CPA-303,Administrative Law,SK,besa.kadriu
UNDERGRADUATE,N-PA,CPA-303,Administrative Law,TE,a.azizi
UNDERGRADUATE,N-LAW,CLE-502,Administrative Law-Material and Procedural Law,SK,blerton.sinani
UNDERGRADUATE,N-LAW,CLE-502,Administrative Law-Material and Procedural Law,TE,blerton.sinani
UNDERGRADUATE,N-LAW,CLE-502,Administrative Law-Material and Procedural Law,TE,j.shasivari
MASTER,N-TT,MIC-102,Advanced Communication Theory,SK,k.metaj
MASTER,N-CST,MCS-302,Advanced Data Engineering,TE,v.shehu
MASTER,N-CST,MCS-101,Advanced Databases,TE,j.ajdari
MASTER,N-BA,MCBA1011,Advanced Economics,SK,b.fetai
MASTER,N-BA,MCBA1011,Advanced Economics,TE,b.fetai
UNDERGRADUATE,FE-COMP,EFE-110,Advanced Excel,SK,r.abdullai
UNDERGRADUATE,FE-COMP,EFE-110,Advanced Excel,TE,a.mehmedi
UNDERGRADUATE,FE-COMP,EFE-110,Advanced Excel,TE,e.murtezani
UNDERGRADUATE,FE-COMP,EFE-110,Advanced Excel,TE,l.ivanovska
MASTER,N-BA,MCBA2014,Advanced International Finances,TE,n.selimi
UNDERGRADUATE,FE-COMP,EFE-111,Advanced IT Skills,SK,r.abdullai
UNDERGRADUATE,FE-COMP,EFE-111,Advanced IT Skills,TE,a.hamiti
UNDERGRADUATE,FE-COMP,EFE-111,Advanced IT Skills,TE,a.mehmedi
UNDERGRADUATE,FE-COMP,EFE-111,Advanced IT Skills,TE,b.sinani
UNDERGRADUATE,FE-COMP,EFE-111,Advanced IT Skills,TE,e.rufati
MASTER,N-BA,EMBA01,Advanced Marketing Management ,TE,n.veseli
MASTER,N-CST,MCS-103,Advanced Software Engineering,TE,b.selimi
MASTER,N-BA,MCBA1019,Advanced Strategic Management,SK,b.ramosaj
MASTER,N-BA,MCBA1019,Advanced Strategic Management,TE,i.zeqiri
MASTER,N-TT,AS0103,Albanian Civilization,TE,z.kadriu
UNDERGRADUATE,N-TT,EFE-129,Albanian Language and Writing Culture ,SK,l.adili
UNDERGRADUATE,N-TT,EFE-129,Albanian Language and Writing Culture ,SK,m.shehabi
UNDERGRADUATE,N-TT,EFE-129,Albanian Language and Writing Culture ,TE,l.adili
UNDERGRADUATE,N-TT,EFE-129,Albanian Language and Writing Culture ,TE,m.shehabi
UNDERGRADUATE,LC-AL,AL.1,Albanian Language for Beginners 1,SK,l.adili
UNDERGRADUATE,LC-AL,AL.1,Albanian Language for Beginners 1,TE,m.shehabi
MASTER,N-TT,AS0109,Albanian Socio - Linguistics,TE,m.ibrahimi
UNDERGRADUATE,N-CST,CCS-301,Algorithms and Data Structures,SK,m.hamiti
UNDERGRADUATE,N-CST,CCS-301,Algorithms and Data Structures,TE,b.raufi
UNDERGRADUATE,N-CST,CCS-301,Algorithms and Data Structures,TE,m.hamiti
MASTER,N-TT,EALL0106,Analysis of literary texts,TE,z.kadriu
UNDERGRADUATE,N-PA,CPA7020,Applied Economy in Public Sector ,TE,m.zulfiu
MASTER,N-TT,MCGR1020,Applied Linguistics,TE,i.maksuti
UNDERGRADUATE,N-CST,CBI-303,Applied Probability and Statistics,TE,shpetim.rexhepi
MASTER,N-BA,EMBA1015,Applied Statistics,SK,s.ibraimi
MASTER,N-CST,EMAICTT-302,Applied Statistics,TE,s.aliji
MASTER,N-TT,MCGR1040,Authors and Classical Works of German Speaking Cou,TE,h.behluli
MASTER,N-TT,AS0102,Balkan Dimension of Albanian Folklore,TE,m.shehabi
UNDERGRADUATE,N-BA,BE-103,Basic Mathematics,TE,h.snopce
UNDERGRADUATE,N-LAW,CCR-302,Basics of Criminalistics,TE,v.ratkoceri
UNDERGRADUATE,N-PA,PA.02,Basics of Statistics,SK,elmi.aziri
UNDERGRADUATE,N-PA,PA.02,Basics of Statistics,TE,m.zulfiu
UNDERGRADUATE,N-PA,CPA-103,Basis of Economy,SK,elmi.aziri
UNDERGRADUATE,N-PA,CPA-103,Basis of Economy,TE,m.zulfiu
MASTER,N-BA,MBA1010,Business Analytics,TE,b.abazi
UNDERGRADUATE,N-CST,EBI5010,Business Application Development using VB.NET,TE,v.shehu
UNDERGRADUATE,N-BA,CBE-302,Business Calculus,SK,m.sadiku
UNDERGRADUATE,N-BA,CBE-302,Business Calculus,TE,m.sadiku
UNDERGRADUATE,N-BA,CBE-302,Business Calculus,TE,s.aliji
UNDERGRADUATE,N-BA,EBEM-503,Business Communication,SK,s.abduli
UNDERGRADUATE,N-BA,EBEM-503,Business Communication,TE,g.rexhepi
MASTER,N-CST,MCBI3010,Business Process Analysis for Entrepreneurial Reso,SK,a.bexheti
MASTER,N-CST,MCBI3010,Business Process Analysis for Entrepreneurial Reso,SK,f.deari
MASTER,N-CST,MCBI-01,Business Process Modeling,SK,b.fetai
UNDERGRADUATE,N-CST,ECS-503,C# Programming,SK,v.shehu
UNDERGRADUATE,N-CST,ECS-503,C# Programming,TE,agon.memeti
UNDERGRADUATE,N-CST,ECS-503,C# Programming,TE,f.ismaili
UNDERGRADUATE,N-CST,ECS-503,C# Programming,TE,v.shehu
UNDERGRADUATE,N-CST,CST.01,Calculus and Linear Algebra,SK,e.durmishi
UNDERGRADUATE,N-CST,CST.01,Calculus and Linear Algebra,TE,e.durmishi
UNDERGRADUATE,N-CST,CST.01,Calculus and Linear Algebra,TE,h.snopce
MASTER,N-LAW,MCL-0102,Civil Law (Applied Program),TE,a.aliu
MASTER,N-LAW,MCCL3020,Civil Procedural Law,TE,e.zendeli
MASTER,N-TT,EMIC-301,Communication Campaigns,SK,s.ordanoski
UNDERGRADUATE,N-TT,CCM-301,Communication Research Methods,SK,a.shabani
UNDERGRADUATE,N-TT,CCM-301,Communication Research Methods,TE,a.shabani
UNDERGRADUATE,N-PA,CPA7030,Comparative Aspects of Public Administrative Syste,TE,m.memeti
MASTER,N-LAW,MCCL2023,Comparative Civil Law,TE,s.memeti
MASTER,N-LAW,MCCR3040,Comparative Criminal Law,TE,i.zejneli
UNDERGRADUATE,N-PA,CPA7040,Comparative Labor Law,TE,a.shaqiri
UNDERGRADUATE,N-PA,PA.04,Comparative Political System,TE,e.aziri
UNDERGRADUATE,N-CST,CCS-503,Computer Networks,SK,sh.latifi
UNDERGRADUATE,N-CST,CCS-503,Computer Networks,TE,sh.latifi
UNDERGRADUATE,N-CST,CBI302,Computer Programming 2,TE,m.fetaji
UNDERGRADUATE,N-CST,CBI302,Computer Programming 2,TE,m.apostolova
MASTER,N-CST,CST.M01,Computer Systems,TE,azir.aliu
UNDERGRADUATE,N-CST,CBI-102,Computer Systems,TE,v.shehu
UNDERGRADUATE,N-PA,CPS-303,Constitutional Law,TE,z.elezi
UNDERGRADUATE,N-BA,EBE-07,Consumer Behaviour,TE,j.zekiri
UNDERGRADUATE,N-LAW,CCR-301,Contemporary Criminalistics Theories,TE,blerta.arifi
UNDERGRADUATE,N-TT,CEL-105,Contemporary English Language 1,SK,m.marjanovic
UNDERGRADUATE,N-TT,CEL-105,Contemporary English Language 1,TE,merita.ismaili
UNDERGRADUATE,N-TT,CGL-101,Contemporary German Language I,TE,f.emurllai
UNDERGRADUATE,N-TT,CGL-101,Contemporary German Language I,TE,s.jusufi
UNDERGRADUATE,N-TT,CGL-301,Contemporary German Language III,TE,f.emurllai
UNDERGRADUATE,N-TT,CGL-301,Contemporary German Language III,TE,s.jusufi
UNDERGRADUATE,N-TT,CGL-501,Contemporary German Language V,TE,f.emurllai
MASTER,N-TT,MCGR3040,Contemporary German Literature,TE,p.rau
UNDERGRADUATE,N-TT,EGL-503,Contemporary German Literature,TE,p.rau
MASTER,N-LAW,EMCL-02,Contemporary Property-Legal Relations of Spouses ,TE,e.zendeli
MASTER,N-TT,MCGR3010,Contrastive Linguistics,TE,i.maksuti
UNDERGRADUATE,N-BA,BE-302,Core Management Concepts,SK,g.rexhepi
UNDERGRADUATE,N-CST,CBI-501,Corporate Finances,SK,h.abazi
UNDERGRADUATE,N-CST,CBI-501,Corporate Finances,TE,h.abazi
MASTER,N-BA,MCFA2013,Cost Accounting and Managerial Accounting,TE,rufi.osmani
UNDERGRADUATE,N-TT,EGL-303,Creative writing,TE,f.emurllai
UNDERGRADUATE,N-LAW,ELE-502,Criminal Policy,TE,blerta.arifi
UNDERGRADUATE,N-LAW,LAW.01,Criminal Procedure Law,SK,b.arifi
UNDERGRADUATE,N-LAW,LAW.01,Criminal Procedure Law,TE,blerta.arifi
UNDERGRADUATE,N-LAW,LAW.01,Criminal Procedure Law,TE,i.zejneli
UNDERGRADUATE,N-LAW,CCR-502,Criminalistic Methods,TE,blerta.arifi
MASTER,N-LAW,MCSS2031,Criminalistic Techniques and Tactics,TE,b.maksuti
MASTER,N-LAW,MCCR1040,Criminology,TE,b.arifi
UNDERGRADUATE,N-LAW,CCR-303,Criminology,TE,v.ratkoceri
MASTER,N-TT,MCEL1040,Cultural aspects in ELT,TE,a.poshka
UNDERGRADUATE,N-PA,EPA7010,Decision Making Theories,TE,h.jashari
UNDERGRADUATE,N-TT,CCM-302,Diplomacy,SK,v.kreci
UNDERGRADUATE,N-TT,CCM-302,Diplomacy,SK,v.latifi
UNDERGRADUATE,N-TT,CCM-302,Diplomacy,TE,a.azizi
UNDERGRADUATE,N-TT,CCM-302,Diplomacy,TE,v.latifi
MASTER,N-TT,MIC-301,Diplomacy: Theory and Practice,SK,v.latifi
MASTER,N-PA,MDP-03,Diplomatic and Consular Law,TE,a.azizi
UNDERGRADUATE,N-LAW,ELE-503,Diplomatic and Consular Law,SK,b.nuhija
UNDERGRADUATE,N-LAW,ELE-503,Diplomatic and Consular Law,TE,b.nuhija
MASTER,N-TT,EMEL2030,Discourse analysis,TE,a.takovski
UNDERGRADUATE,N-CST,CCS-302,Discrete Structures 2,SK,shpetim.rexhepi
UNDERGRADUATE,N-CST,CCS-302,Discrete Structures 2,TE,e.durmishi
UNDERGRADUATE,N-CST,CCS-302,Discrete Structures 2,TE,j.ajdari
MASTER,N-BA,MCBA1024,Distribution and Sales System,TE,n.veseli
UNDERGRADUATE,N-LAW,ELE-408,Domestic Violence,SK,a.metaj
UNDERGRADUATE,N-LAW,ELE-408,Domestic Violence,TE,arta.selmani
MASTER,N-CST,EMBI1030,E-Accounting,SK,f.deari
UNDERGRADUATE,N-CST,ECS-500,E-Commerce,SK,a.besimi
UNDERGRADUATE,N-CST,ECS-500,E-Commerce,TE,a.besimi
MASTER,N-TT,EMLM2010,Educational Psychology,TE,a.shabani
MASTER,N-TT,EMLM3020,Educational Sociology,TE,h.jashari
MASTER,N-TT,MCEL2040,English for Specific Purposes,TE,v.kareva
UNDERGRADUATE,LC-EN,ESP.1.G3,English for specific purposes  I (BA),SK,a.takovski
UNDERGRADUATE,LC-EN,ESP.1.G3,English for specific purposes  I (BA),SK,r.emini
UNDERGRADUATE,LC-EN,ESP.1.G3,English for specific purposes  I (BA),SK,r.osmani
UNDERGRADUATE,LC-EN,ESP.1.G3,English for specific purposes  I (BA),TE,r.emini
UNDERGRADUATE,LC-EN,ESP.1.G3,English for specific purposes  I (BA),TE,r.osmani
UNDERGRADUATE,LC-EN,ESP.1.G3,English for specific purposes  I (BA),TE,v.kareva
UNDERGRADUATE,LC-EN,ESP.1.G4,English for specific purposes I  (LAW),TE,b.saliu
UNDERGRADUATE,LC-EN,ESP.1.G1,English for specific purposes I  (PA COMM),SK,n.radosavleviq
UNDERGRADUATE,LC-EN,ESP.1.G1,English for specific purposes I  (PA COMM),TE,b.bytyqi
UNDERGRADUATE,LC-EN,ESP.1.G1,English for specific purposes I  (PA COMM),TE,l.bajrami
UNDERGRADUATE,LC-EN,ESP.1.G2,English for specific purposes I (CST BI),SK,d.kiroska
UNDERGRADUATE,LC-EN,ESP.1.G2,English for specific purposes I (CST BI),TE,k.ramadani
UNDERGRADUATE,LC-EN,ESP.1.G2,English for specific purposes I (CST BI),TE,merita.ismaili
UNDERGRADUATE,LC-EN,EN.1.G1,English Language Level 1,SK,r.emini
UNDERGRADUATE,LC-EN,EN.1.G1,English Language Level 1,TE,l.bajrami
UNDERGRADUATE,LC-EN,EN.1.G1,English Language Level 1,TE,v.vela
UNDERGRADUATE,LC-EN,EN.2.G1,English Language Level 2 ,SK,d.kiroska
UNDERGRADUATE,LC-EN,EN.2.G1,English Language Level 2 ,SK,m.marjanovic
UNDERGRADUATE,LC-EN,EN.2.G1,English Language Level 2 ,TE,b.saliu
UNDERGRADUATE,LC-EN,EN.2.G1,English Language Level 2 ,TE,h.hajrullai
UNDERGRADUATE,LC-EN,EN.2.G1,English Language Level 2 ,TE,k.ramadani
UNDERGRADUATE,LC-EN,EN.2.G1,English Language Level 2 ,TE,l.bajrami
UNDERGRADUATE,LC-EN,EN.2.G1,English Language Level 2 ,TE,r.osmani
UNDERGRADUATE,LC-EN,EN.3.G1,English Language Level 3 ,SK,a.takovski
UNDERGRADUATE,LC-EN,EN.3.G1,English Language Level 3 ,SK,m.marjanovic
UNDERGRADUATE,LC-EN,EN.3.G1,English Language Level 3 ,SK,n.radosavleviq
UNDERGRADUATE,LC-EN,EN.3.G1,English Language Level 3 ,TE,a.takovski
UNDERGRADUATE,LC-EN,EN.3.G1,English Language Level 3 ,TE,l.bajrami
UNDERGRADUATE,LC-EN,EN.3.G1,English Language Level 3 ,TE,merita.ismaili
UNDERGRADUATE,LC-EN,EN.3.G1,English Language Level 3 ,TE,r.osmani
UNDERGRADUATE,LC-EN,EN.3.G1,English Language Level 3 ,TE,v.vela
UNDERGRADUATE,LC-EN,EN.4.G1,English Language Level 4 ,SK,d.kiroska
UNDERGRADUATE,LC-EN,EN.4.G1,English Language Level 4 ,SK,n.radosavleviq
UNDERGRADUATE,LC-EN,EN.4.G1,English Language Level 4 ,TE,a.takovski
UNDERGRADUATE,LC-EN,EN.4.G1,English Language Level 4 ,TE,d.kiroska
UNDERGRADUATE,LC-EN,EN.4.G1,English Language Level 4 ,TE,e.spirovska
UNDERGRADUATE,LC-EN,EN.4.G1,English Language Level 4 ,TE,h.hajrullai
UNDERGRADUATE,LC-EN,EN.4.G1,English Language Level 4 ,TE,k.ramadani
UNDERGRADUATE,LC-EN,EN.4.G1,English Language Level 4 ,TE,l.bajrami
UNDERGRADUATE,LC-EN,EN.4.G1,English Language Level 4 ,TE,merita.ismaili
UNDERGRADUATE,LC-EN,EN.4.G1,English Language Level 4 ,TE,v.vela
UNDERGRADUATE,N-TT,CEL-301,English Language Skills 3,SK,m.marjanovic
UNDERGRADUATE,N-TT,CEL-301,English Language Skills 3,TE,merita.ismaili
UNDERGRADUATE,N-TT,EEL-305,English Language Writing and Research,SK,b.bytyqi
UNDERGRADUATE,N-TT,EEL-305,English Language Writing and Research,TE,b.bytyqi
UNDERGRADUATE,N-TT,CEL-106,English Literature 1,SK,e.spirovska
UNDERGRADUATE,N-TT,CEL-106,English Literature 1,TE,e.spirovska
UNDERGRADUATE,N-TT,CEL-302,English Literature: Drama,SK,a.goodspeed
UNDERGRADUATE,N-TT,CEL-302,English Literature: Drama,TE,a.goodspeed
UNDERGRADUATE,N-TT,ECM-503,Ethics of Communication,SK,l.siljanovska
UNDERGRADUATE,N-TT,ECM-503,Ethics of Communication,TE,d.bajrami
MASTER,N-TT,AS0107,Etno - Linguistics,TE,m.ibrahimi
UNDERGRADUATE,N-LAW,CLE-403,EU Law,SK,b.reka
UNDERGRADUATE,N-LAW,CLE-403,EU Law,TE,b.nuhija
UNDERGRADUATE,N-LAW,CLE-403,EU Law,TE,d.taleski
MASTER,N-PA,MCDP2020,European Union: Institutions Politics and Law,SK,z.elezi
UNDERGRADUATE,N-LAW,CLE-303,Family and Inheritance Law,SK,a.metaj
UNDERGRADUATE,N-LAW,CLE-303,Family and Inheritance Law,TE,a.metaj
UNDERGRADUATE,N-LAW,CLE-303,Family and Inheritance Law,TE,arta.selmani
MASTER,N-BA,MCBA1018,Finances  for Managers,SK,j.mazllami
MASTER,N-BA,MCBA1018,Finances  for Managers,TE,j.mazllami
UNDERGRADUATE,N-BA,BE-303,Financial Accountig,SK,a.caushi
UNDERGRADUATE,N-CST,CBI-301,Financial Accounting,TE,a.caushi
UNDERGRADUATE,N-BA,CBEF-501,Financial Management,SK,j.mazllami
UNDERGRADUATE,N-BA,CBEF-501,Financial Management,TE,j.mazllami
MASTER,N-BA,CMBA07,Financial Report Analysis,TE,rufi.osmani
MASTER,N-PA,EMPS2040,Foreign Policy Analysis,SK,v.kreci
UNDERGRADUATE,N-TT,EFE-105,German Language I,SK,g.xhaferi
UNDERGRADUATE,N-TT,EFE-105,German Language I,TE,g.xhaferi
UNDERGRADUATE,N-TT,CCM-503,Globalization,SK,d.bajrami
UNDERGRADUATE,N-TT,CCM-503,Globalization,TE,d.bajrami
MASTER,N-TT,MIC-303,Globalization and New Media,SK,l.siljanovska
UNDERGRADUATE,N-TT,CEL-502,History and culture of the English speaking countr,SK,m.muhic
UNDERGRADUATE,N-TT,CEL-502,History and culture of the English speaking countr,TE,m.muhic
UNDERGRADUATE,N-TT,CGL-303,History of German Literature of the 19th Century,TE,h.behluli
UNDERGRADUATE,N-LAW,CLE-104,History of the Law,SK,s.memeti
UNDERGRADUATE,N-LAW,CLE-104,History of the Law,TE,s.memeti
UNDERGRADUATE,N-BA,CBEM-502,Human Resources Management,SK,s.abduli
UNDERGRADUATE,N-BA,CBEM-502,Human Resources Management,TE,s.abduli
MASTER,N-CST,ECSIS-05,Information Systems Management,SK,g.stamenkov
MASTER,N-LAW,MCCL2040,Inheritance Law,TE,arta.selmani
UNDERGRADUATE,N-TT,ECM-504,Intercultural Communication: Cultural Contents and,SK,a.shabani
UNDERGRADUATE,N-TT,ECM-504,Intercultural Communication: Cultural Contents and,SK,s.ordanoski
UNDERGRADUATE,N-TT,ECM-504,Intercultural Communication: Cultural Contents and,TE,a.shabani
UNDERGRADUATE,N-TT,EFE-108,Intercultural Studies,TE,l.siljanovska
MASTER,N-TT,MIC-201,International Communication,SK,l.siljanovska
MASTER,N-LAW,MCIPL3030,International Criminal Law,SK,b.netkova
MASTER,N-LAW,LAW.M06,International Criminal Law,TE,d.taleski
UNDERGRADUATE,N-LAW,LAW.02,International Criminal Law,SK,v.ratkoceri
UNDERGRADUATE,N-LAW,LAW.02,International Criminal Law,TE,b.arifi
UNDERGRADUATE,N-LAW,LAW.02,International Criminal Law,TE,b.netkova
MASTER,N-LAW,MCCL2022,International Economic Law,TE,a.jashari
MASTER,N-PA,MCDP1020,International Institutions,SK,b.reka
MASTER,N-LAW,MCIPL2040,International Law for Human Rights,SK,d.taleski
MASTER,N-BA,EMBA1018,International Marketing,TE,n.selimi
UNDERGRADUATE,N-BA,EBEM-504,International Marketing,TE,n.selimi
MASTER,N-PA,MCPS3010,International Public Law,TE,a.azizi
UNDERGRADUATE,N-PA,CPS-501,International Public Law,TE,a.azizi
UNDERGRADUATE,N-LAW,CLE-301,International Public Law and Human Rights,SK,b.reka
UNDERGRADUATE,N-LAW,CLE-301,International Public Law and Human Rights,TE,b.nuhija
UNDERGRADUATE,N-LAW,CLE-301,International Public Law and Human Rights,TE,b.netkova
MASTER,N-PA,MCDP2010,International Relations,TE,m.sabriu
UNDERGRADUATE,N-BA,BE-102,Introduction to Business and Management,TE,j.zekiri
UNDERGRADUATE,N-TT,CCM-101,Introduction to Communication Sciences,SK,b.hoxha
UNDERGRADUATE,N-TT,CCM-101,Introduction to Communication Sciences,TE,b.hoxha
UNDERGRADUATE,N-CST,CCS-101,Introduction to Computer Sciences,SK,azir.aliu
UNDERGRADUATE,N-CST,CCS-101,Introduction to Computer Sciences,TE,a.luma
UNDERGRADUATE,N-CST,CCS-101,Introduction to Computer Sciences,TE,m.apostolova
MASTER,N-CST,MAICTT-301,Introduction to Databases,TE,j.ajdari
UNDERGRADUATE,N-BA,BE-101,Introduction to Economics,SK,b.abazi
UNDERGRADUATE,N-CST,CBI-103,Introduction to Economics,TE,s.daut
UNDERGRADUATE,N-BA,CBE-101,Introduction to Economics and Business,SK,n.selimi
UNDERGRADUATE,N-BA,CBE-101,Introduction to Economics and Business,SK,r.ilazi
UNDERGRADUATE,N-BA,CBE-101,Introduction to Economics and Business,TE,m.shukarov
UNDERGRADUATE,N-BA,CBE-101,Introduction to Economics and Business,TE,n.selimi
UNDERGRADUATE,N-BA,CBE-101,Introduction to Economics and Business,TE,r.ilazi
MASTER,N-TT,MCLM1030,Introduction to Educational Management,TE,r.emini
UNDERGRADUATE,N-TT,CEL-303,Introduction to English Syntax,SK,jeta.rushidi
UNDERGRADUATE,N-TT,CEL-303,Introduction to English Syntax,SK,r.emini
UNDERGRADUATE,N-TT,CEL-303,Introduction to English Syntax,TE,jeta.rushidi
UNDERGRADUATE,N-TT,CGL-102,Introduction to German linguistics,TE,g.xhaferi
UNDERGRADUATE,N-TT,CGL-103,Introduction to German Literature studies,TE,h.behluli
UNDERGRADUATE,N-TT,CCM-102,Introduction to International and Intercultural Co,SK,b.hoxha
UNDERGRADUATE,N-TT,CCM-102,Introduction to International and Intercultural Co,TE,b.hoxha
UNDERGRADUATE,N-BA,EBE-16,Introduction to International Development,SK,f.besimi
UNDERGRADUATE,N-TT,CCM-103,Introduction to International Relations,SK,v.latifi
UNDERGRADUATE,N-TT,CCM-103,Introduction to International Relations,TE,v.latifi
UNDERGRADUATE,N-LAW,CLE-101,Introduction to Law,SK,j.shasivari
UNDERGRADUATE,N-PA,PA.03,Introduction to LAW,SK,z.elezi
UNDERGRADUATE,N-PA,PA.03,Introduction to LAW,TE,e.andreevska
UNDERGRADUATE,N-LAW,CLE-101,Introduction to Law,TE,j.shasivari
UNDERGRADUATE,N-PA,PA.03,Introduction to LAW,TE,z.elezi
UNDERGRADUATE,N-CST,ECS-502,Introduction to Parallel Processing,TE,j.ajdari
UNDERGRADUATE,N-PA,CPS-103,Introduction to Political Science,TE,j.abdullai
UNDERGRADUATE,N-PA,CPA-101,Introduction to Public Administration,SK,m.memeti
UNDERGRADUATE,N-PA,CPA-101,Introduction to Public Administration,TE,m.memeti
UNDERGRADUATE,N-PA,CPA-101,Introduction to Public Administration,TE,v.kreci
UNDERGRADUATE,N-PA,PA.01,Introduction to Public Policy,SK,j.abdullai
UNDERGRADUATE,N-PA,PA.01,Introduction to Public Policy,TE,j.abdullai
UNDERGRADUATE,N-TT,EEL-301,Introduction to Second Language Acquisition ,SK,b.xhaferi
UNDERGRADUATE,N-TT,EEL-301,Introduction to Second Language Acquisition ,TE,b.xhaferi
MASTER,N-CST,MAICTT-101,Introduction to Technologies in Education,TE,a.luma
MASTER,N-TT,MCEL3030,Issues in English Language Teaching,TE,a.poshka
MASTER,N-TT,MCEL3030,Issues in English Language Teaching,TE,m.muhic
MASTER,N-CST,EMBI3042,IT for Competitive Advantage,SK,b.fetaji
UNDERGRADUATE,N-TT,BS042,Italian Language Beginners,SK,v.elenova
MASTER,N-LAW,LAW.M03,Judicial Psychology,TE,h.islami
MASTER,N-BA,MFE09,Labor Market,TE,s.qirici
MASTER,N-PA,MCPS3310,Leadership and Organizational Development,SK,m.memeti
UNDERGRADUATE,N-TT,EGL-501,Learning German as a Foreign Language,TE,b.ivanovska
MASTER,N-TT,EMEL1020,Literature in English Language Teaching,TE,e.spirovska
UNDERGRADUATE,LC-MK,MK.G1,Macedonian Language 1 (BC),SK,b.zdravkovska
UNDERGRADUATE,LC-MK,MK.G1,Macedonian Language 1 (BC),SK,k.markovic
UNDERGRADUATE,LC-MK,MK.G1,Macedonian Language 1 (BC),TE,k.markovic
UNDERGRADUATE,LC-MK,MK.G1,Macedonian Language 1 (BC),TE,v.elenova
UNDERGRADUATE,LC-MK,MK.G2,Macedonian Language 1 (LPC),SK,b.zdravkovska
UNDERGRADUATE,LC-MK,MK.G2,Macedonian Language 1 (LPC),SK,k.markovic
UNDERGRADUATE,LC-MK,MK.G2,Macedonian Language 1 (LPC),TE,b.zdravkovska
UNDERGRADUATE,LC-MK,MK.G2,Macedonian Language 1 (LPC),TE,k.markovic
UNDERGRADUATE,LC-MK,MK.B,Macedonian Language for Beginners 1,SK,b.zdravkovska
UNDERGRADUATE,LC-MK,MK.B,Macedonian Language for Beginners 1,TE,b.zdravkovska
UNDERGRADUATE,LC-MK,MK.B,Macedonian Language for Beginners 1,TE,v.elenova
UNDERGRADUATE,N-BA,CBE-303,Macroeconomics,SK,j.mazllami
UNDERGRADUATE,N-BA,CBE-303,Macroeconomics,TE,a.bexheti
UNDERGRADUATE,N-BA,BE-301,Macroeconomics,TE,b.abazi
UNDERGRADUATE,N-BA,CBE-303,Macroeconomics,TE,j.mazllami
UNDERGRADUATE,N-BA,CBE-303,Macroeconomics,TE,m.shukarov
MASTER,N-BA,EFIN0107,Management Information Systems,SK,b.ramosaj
MASTER,N-BA,EFIN0107,Management Information Systems,SK,b.abazi
MASTER,N-BA,EFIN0107,Management Information Systems,TE,a.caushi
MASTER,N-BA,EFIN0107,Management Information Systems,TE,i.zeqiri
UNDERGRADUATE,N-BA,CBEF-503,Managerial Accounting,SK,rufi.osmani
UNDERGRADUATE,N-BA,CBEF-503,Managerial Accounting,TE,a.caushi
UNDERGRADUATE,N-BA,CBEF-503,Managerial Accounting,TE,rufi.osmani
MASTER,N-BA,EMBA1080,Managing Supply Chain,TE,a.caushi
UNDERGRADUATE,N-BA,CBEM-503,Market Research,SK,t.veseli
UNDERGRADUATE,N-BA,CBEM-503,Market Research,TE,r.zuferi
MASTER,N-BA,EMBA02,Marketing Research,TE,j.zekiri
MASTER,N-BA,EMBA02,Marketing Research,TE,t.veseli
MASTER,N-TT,MCEL3020,Masters Thesis Writing Seminar,TE,a.toci
MASTER,N-LAW,LAW.M01,Material Criminal Law,TE,i.zejneli
UNDERGRADUATE,N-TT,CCM-501,Media Writing and Reporting,SK,sefer.tahiri
UNDERGRADUATE,N-TT,CCM-501,Media Writing and Reporting,TE,sefer.tahiri
UNDERGRADUATE,N-TT,CGL-503,Methodology of German as a foreign language (teach,TE,e.cickovski
MASTER,N-LAW,MCCR3030,Misdemeanor Law,TE,i.zejneli
MASTER,N-TT,AS0105,Modern Albanian Literature,TE,z.kadriu
MASTER,N-TT,AS0111,Modern Albanian Poetry studies,TE,z.kadriu
MASTER,N-TT,AS0110,Modern Albanian Prose studies,TE,z.kadriu
UNDERGRADUATE,N-PA,CPA-501,Modern Concepts and Principles of Management in Pu,SK,a.rustemi
UNDERGRADUATE,N-PA,CPA-501,Modern Concepts and Principles of Management in Pu,TE,a.rustemi
UNDERGRADUATE,N-PA,CPA-501,Modern Concepts and Principles of Management in Pu,TE,besa.kadriu
MASTER,N-BA,MCBA1014,Monetary Economics,TE,a.bexheti
UNDERGRADUATE,N-BA,CBEF-502,Monetary Economics,SK,s.daut
UNDERGRADUATE,N-BA,CBEF-502,Monetary Economics,TE,b.fetai
UNDERGRADUATE,N-BA,CBEF-502,Monetary Economics,TE,s.daut
MASTER,N-BA,EMBA1017,Money and Banks,TE,a.bexheti
UNDERGRADUATE,N-BA,EBEF-504,Money and Banks,TE,h.abazi
MASTER,N-BA,EMBA0108,Money Banks and Financial Institutions,TE,b.fetai
UNDERGRADUATE,N-TT,CGL-302,Morphology,TE,g.xhaferi
MASTER,N-TT,MIC-103,Negotiations,SK,v.sopar
MASTER,N-CST,MCS-102,Object - Oriented Design and Programming,TE,a.kadriu
UNDERGRADUATE,N-CST,CCS-303,Object - Oriented Programming,SK,b.raufi
UNDERGRADUATE,N-CST,CCS-303,Object - Oriented Programming,TE,m.fetaji
UNDERGRADUATE,N-CST,CCS-303,Object - Oriented Programming,TE,m.apostolova
MASTER,N-BA,MCMG3022,Operations Management,SK,s.ibraimi
MASTER,N-BA,MCMG3022,Operations Management,TE,s.ibraimi
MASTER,N-LAW,MCCR3020,Organized Crime,TE,v.ratkoceri
MASTER,N-PA,MCPS1012,Peaceful Conflict Resolution,SK,e.andreevska
UNDERGRADUATE,N-PA,EPS-501,Peaceful Resolutions of Disputes,TE,j.abdullai
MASTER,N-TT,MCEL1020,Pedagogical Grammar,TE,jeta.rushidi
UNDERGRADUATE,N-TT,CEL-103,Phonetics and Phonology,SK,jeta.rushidi
UNDERGRADUATE,N-TT,CEL-103,Phonetics and Phonology,SK,r.emini
UNDERGRADUATE,N-TT,CEL-103,Phonetics and Phonology,TE,jeta.rushidi
MASTER,N-LAW,MCSS2030,Police Law,TE,b.maksuti
MASTER,N-PA,MDP-01,Political Analysis,SK,v.kreci
MASTER,N-TT,MIC-302,Political Communication,SK,v.sopar
UNDERGRADUATE,N-TT,CCM-502,Political Communication,SK,k.metaj
UNDERGRADUATE,N-TT,CCM-502,Political Communication,TE,k.metaj
UNDERGRADUATE,N-PA,EPA-503,Political issues of EU integration,SK,besa.kadriu
UNDERGRADUATE,N-PA,EPA-503,Political issues of EU integration,TE,besa.kadriu
MASTER,N-PA,MCPA3040,Political Management,SK,y.sela
UNDERGRADUATE,N-PA,EPA-504,Political Parties and Electoral Models,SK,e.aziri
UNDERGRADUATE,N-PA,EPA-504,Political Parties and Electoral Models,TE,e.aziri
UNDERGRADUATE,N-PA,CPA065,Political Sociology,TE,e.aziri
MASTER,N-BA,EMFA2014,Portfolio Management and Risk Management,TE,f.deari
MASTER,N-TT,MCGR3020,Pragmatics,TE,b.ivanovska
UNDERGRADUATE,N-TT,ECM-306,Principles and Practices of Interviewing,SK,b.hoxha
UNDERGRADUATE,N-TT,ECM-306,Principles and Practices of Interviewing,TE,e.azemi
UNDERGRADUATE,N-BA,CBE-103,Principles of Management,SK,g.rexhepi
UNDERGRADUATE,N-BA,CBE-103,Principles of Management,SK,t.veseli
UNDERGRADUATE,N-BA,CBE-103,Principles of Management,TE,i.zeqiri
UNDERGRADUATE,N-BA,CBE-103,Principles of Management,TE,r.ilazi
UNDERGRADUATE,N-BA,CBE-103,Principles of Management,TE,t.veseli
UNDERGRADUATE,N-BA,CBE-102,Principles of Marketing,SK,n.veseli
UNDERGRADUATE,N-BA,CBE-102,Principles of Marketing,SK,r.zuferi
UNDERGRADUATE,N-BA,CBE-102,Principles of Marketing,TE,n.veseli
UNDERGRADUATE,N-BA,CBE-102,Principles of Marketing,TE,r.zuferi
UNDERGRADUATE,N-BA,EFE-121,Professional Care?r Development  ,TE,r.ilazi
UNDERGRADUATE,N-BA,EFE-121,Professional Care?r Development  ,TE,v.kreci
MASTER,N-CST,MAICTT-302,Professional Ethics in Information Technologies,TE,m.hamiti
UNDERGRADUATE,N-CST,CCS-203,Programming,SK,l.abazi
UNDERGRADUATE,N-CST,CCS-203,Programming,TE,l.abazi
UNDERGRADUATE,N-CST,CCS-203,Programming,TE,m.apostolova
MASTER,N-LAW,MCL-0101,Property Law (Applied Program) ,TE,a.aliu
MASTER,N-PA,MDP-02,Public Diplomacy,SK,a.demjaha
MASTER,N-PA,MDP-02,Public Diplomacy,TE,h.jashari
UNDERGRADUATE,N-PA,CPS-503,Public Finances,SK,elmi.aziri
UNDERGRADUATE,N-PA,CPS-503,Public Finances,TE,a.bexheti
UNDERGRADUATE,N-PA,CPS-503,Public Finances,TE,elmi.aziri
UNDERGRADUATE,N-PA,EPS-502,Religion and Politics,TE,a.pajaziti
UNDERGRADUATE,N-CST,EBI-301,Research Methodologies in Business,TE,v.radevski
MASTER,N-TT,MIC-101,Research Methodology,SK,k.metaj
MASTER,N-PA,MCPA1010,Research Methodology,TE,a.pajaziti
MASTER,N-TT,MCGR1011,Research Methodology,TE,g.xhaferi
MASTER,N-TT,MCLM2010,Research Methodology,TE,h.jashari
MASTER,N-TT,AS0101,Research Methodology,TE,z.kadriu
UNDERGRADUATE,N-PA,CPS-302,Research Methods in Political Sciences,TE,a.pajaziti
MASTER,N-LAW,MFE01,Rhetoric,TE,j.shasivari
UNDERGRADUATE,N-BA,EBEM-506,Risk Management,SK,f.deari
UNDERGRADUATE,N-BA,EBEM-506,Risk Management,TE,f.deari
MASTER,N-BA,EMBA1070,Risk Management in Large Companies,TE,f.deari
MASTER,N-TT,MCEL2030,Second Language Acquisition and Learning,TE,b.xhaferi
MASTER,N-BA,MFE04,Selected Advanced Topics in Applications for Stati,TE,sh.syla
MASTER,N-CST,EMCS-01,Service Oriented  Architectures,SK,azir.aliu
MASTER,N-CST,EMCS-01,Service Oriented  Architectures ,TE,agon.memeti
MASTER,N-BA,MCBA1023,Services Marketing,TE,n.veseli
MASTER,N-LAW,MCIL1015,Settlement of International Disputes,SK,d.taleski
UNDERGRADUATE,N-BA,CBEM-501,Small Business and Entrepreneurship,SK,r.ilazi
UNDERGRADUATE,N-BA,CBEM-501,Small Business and Entrepreneurship,SK,v.ramadani
UNDERGRADUATE,N-BA,CBEM-501,Small Business and Entrepreneurship,TE,r.ilazi
UNDERGRADUATE,N-BA,CBEM-501,Small Business and Entrepreneurship,TE,v.ramadani
MASTER,N-BA,BE.M02,Small Business Management,SK,v.ramadani
MASTER,N-BA,BE.M02,Small Business Management,TE,v.ramadani
UNDERGRADUATE,N-CST,CCS-502,Software Engineering,SK,b.fetaji
UNDERGRADUATE,N-CST,CCS-502,Software Engineering,TE,b.selimi
UNDERGRADUATE,N-BA,CBE-301,Statistics,SK,sh.syla
UNDERGRADUATE,N-BA,CBE-301,Statistics,TE,s.ibraimi
UNDERGRADUATE,N-BA,CBE-301,Statistics,TE,sh.syla
MASTER,N-BA,EMBA1050,Strategic Competitive Analysis,SK,g.rexhepi
MASTER,N-TT,MCML1040,Strategic Planning,TE,r.emini
MASTER,N-TT,AS0112,Stylistics and Pragmatics,TE,m.ibrahimi
MASTER,N-CST,ECSIS-07,Systems Analysis and Design,SK,z.dika
UNDERGRADUATE,N-PA,CPA-502,Systems of Local Government,SK,besa.kadriu
UNDERGRADUATE,N-PA,CPA-502,Systems of Local Government,TE,agni.aliu
UNDERGRADUATE,N-TT,EEL-503,Teaching from the Multicultural Perspective,SK,m.muhic
UNDERGRADUATE,N-TT,CEL-503,Testing and Assessment,SK,a.poshka
UNDERGRADUATE,N-TT,CEL-503,Testing and Assessment,TE,a.poshka
UNDERGRADUATE,N-PA,EPA-502,The basic and principles of accounting,TE,m.hani
MASTER,N-LAW,MCL-0103,The Contractual Law and the Law of Compensation of,TE,a.jashari
UNDERGRADUATE,N-PA,CPS-104,The Theory of the State and Law ,TE,h.jashari
MASTER,N-TT,MCGR3011,Theories of Language Acqiusition,TE,b.ivanovska
MASTER,N-TT,MCGR3012,Theory and Praxis in Teaching of German as a Forei,TE,e.cickovski
MASTER,N-TT,MCGR1010,Theory of Valency,TE,g.xhaferi
MASTER,N-BA,ECMBA30,Total Quality Management,TE,g.rexhepi
UNDERGRADUATE,N-LAW,CLE-302,Trade Law,SK,a.jashari
UNDERGRADUATE,N-LAW,CLE-302,Trade Law,SK,a.metaj
UNDERGRADUATE,N-LAW,CLE-302,Trade Law,TE,a.jashari
UNDERGRADUATE,N-LAW,CLE-302,Trade Law,TE,a.metaj
MASTER,N-LAW,MCSS1070,Transnational Crime and International Terrorism,SK,b.netkova
UNDERGRADUATE,N-TT,CEL-501,Understanding and Using English Syntax,SK,jeta.rushidi
UNDERGRADUATE,N-TT,CEL-501,Understanding and Using English Syntax,SK,r.emini
UNDERGRADUATE,N-TT,CEL-501,Understanding and Using English Syntax,TE,jeta.rushidi
MASTER,N-CST,EMBI3041,User- Interface Design and Evaluation,SK,m.ferati
MASTER,N-LAW,LAW.M08,Victimology,TE,b.arifi
UNDERGRADUATE,N-CST,CCS-501,Web Programming,SK,f.ismaili
UNDERGRADUATE,N-CST,CCS-501,Web Programming,TE,f.ismaili
UNDERGRADUATE,N-CST,CCS-501,Web Programming,TE,xh.zenuni
UNDERGRADUATE,N-CST,CBI-502,Web-Programming,TE,b.raufi
